{"cameraMode":{"drawMode":0,"name":"Shaded","section":"Shading Mode"},"sceneLighting":false,"audioPlay":false,"sceneViewState":{"showFog":true,"showMaterialUpdate":false,"showSkybox":true,"showFlares":true,"showImageEffects":true,"showParticleSystems":true},"in2DMode":false,"pivot":{"x":-0.081231489777565,"y":1.0760637521743775,"z":-0.5159460306167603},"rotation":{"x":0.004371107090264559,"y":0.9867299795150757,"z":-0.1600588858127594,"w":0.02694634534418583},"size":3.284470319747925,"orthographic":false}