{"cameraMode":{"drawMode":0,"name":"Shaded","section":"Shading Mode"},"sceneLighting":false,"audioPlay":false,"sceneViewState":{"showFog":true,"showMaterialUpdate":false,"showSkybox":true,"showFlares":true,"showImageEffects":true,"showParticleSystems":true},"in2DMode":false,"pivot":{"x":-0.23267722129821778,"y":2.226335287094116,"z":0.7935550808906555},"rotation":{"x":-0.17622417211532594,"y":0.7460442185401917,"z":-0.2176092565059662,"w":-0.6041600108146668},"size":4.15840482711792,"orthographic":false}