{"cameraMode":{"drawMode":0,"name":"Shaded","section":"Shading Mode"},"sceneLighting":false,"audioPlay":false,"sceneViewState":{"showFog":true,"showMaterialUpdate":false,"showSkybox":true,"showFlares":true,"showImageEffects":true,"showParticleSystems":true},"in2DMode":false,"pivot":{"x":0.0,"y":0.7999999523162842,"z":12.220000267028809},"rotation":{"x":0.23259373009204865,"y":0.6645706295967102,"z":-0.23009338974952699,"w":0.6717910170555115},"size":4.041658401489258,"orthographic":false}