{"cameraMode":{"drawMode":0,"name":"Shaded","section":"Shading Mode"},"sceneLighting":false,"audioPlay":false,"sceneViewState":{"showFog":true,"showMaterialUpdate":false,"showSkybox":true,"showFlares":true,"showImageEffects":true,"showParticleSystems":true},"in2DMode":false,"pivot":{"x":0.06160415709018707,"y":1.2476345300674439,"z":-0.1541430950164795},"rotation":{"x":0.003521474776789546,"y":0.9949384331703186,"z":-0.09310884028673172,"w":0.03762854263186455},"size":2.4450178146362306,"orthographic":false}