{"cameraMode":{"drawMode":0,"name":"Shaded","section":"Shading Mode"},"sceneLighting":false,"audioPlay":false,"sceneViewState":{"showFog":true,"showMaterialUpdate":false,"showSkybox":true,"showFlares":true,"showImageEffects":true,"showParticleSystems":true},"in2DMode":false,"pivot":{"x":-22.427515029907228,"y":0.4732515215873718,"z":5.10507869720459},"rotation":{"x":-0.00023218335991259664,"y":0.9809867143630981,"z":-0.19407139718532563,"w":-0.0011763125658035279},"size":6.523470878601074,"orthographic":false}