{"cameraMode":{"drawMode":0,"name":"Shaded","section":"Shading Mode"},"sceneLighting":false,"audioPlay":false,"sceneViewState":{"showFog":true,"showMaterialUpdate":false,"showSkybox":true,"showFlares":true,"showImageEffects":true,"showParticleSystems":true},"in2DMode":false,"pivot":{"x":-2.2351741790771486e-8,"y":0.32178884744644167,"z":5.960464477539063e-8},"rotation":{"x":-0.0928962230682373,"y":0.07699821889400482,"z":-0.0072060078382492069,"w":-0.9926679134368897},"size":1.5281517505645753,"orthographic":false}