{"cameraMode":{"drawMode":0,"name":"Shaded","section":"Shading Mode"},"sceneLighting":true,"audioPlay":false,"sceneViewState":{"showFog":true,"showMaterialUpdate":false,"showSkybox":true,"showFlares":true,"showImageEffects":true,"showParticleSystems":true},"in2DMode":false,"pivot":{"x":3.4281182289123537,"y":4.875737190246582,"z":-7.528499603271484},"rotation":{"x":-0.27757856249809267,"y":0.08115210384130478,"z":-0.023538528010249139,"w":-0.9569798707962036},"size":0.5290898084640503,"orthographic":false}