{"cameraMode":{"drawMode":0,"name":"Shaded","section":"Shading Mode"},"sceneLighting":false,"audioPlay":false,"sceneViewState":{"showFog":true,"showMaterialUpdate":false,"showSkybox":true,"showFlares":true,"showImageEffects":true,"showParticleSystems":true},"in2DMode":false,"pivot":{"x":0.0,"y":0.8892310261726379,"z":-0.06487263739109039},"rotation":{"x":0.003521474776789546,"y":0.9949384331703186,"z":-0.09310884028673172,"w":0.03762854263186455},"size":4.845017910003662,"orthographic":false}