{"cameraMode":{"drawMode":0,"name":"Shaded","section":"Shading Mode"},"sceneLighting":false,"audioPlay":false,"sceneViewState":{"showFog":true,"showMaterialUpdate":false,"showSkybox":true,"showFlares":true,"showImageEffects":true,"showParticleSystems":true},"in2DMode":false,"pivot":{"x":0.026476014405488969,"y":0.9954341650009155,"z":-0.40587544441223147},"rotation":{"x":-0.0035026948899030687,"y":-0.9762445688247681,"z":0.21606431901454926,"w":-0.01582445576786995},"size":2.6829617023468019,"orthographic":false}