{"cameraMode":{"drawMode":0,"name":"Shaded","section":"Shading Mode"},"sceneLighting":false,"audioPlay":false,"sceneViewState":{"showFog":true,"showMaterialUpdate":false,"showSkybox":true,"showFlares":true,"showImageEffects":true,"showParticleSystems":true},"in2DMode":false,"pivot":{"x":2.407635450363159,"y":-0.5525152683258057,"z":-2.3462424278259279},"rotation":{"x":0.22479401528835298,"y":0.6995472311973572,"z":-0.2492758333683014,"w":0.6308430433273315},"size":5.218901634216309,"orthographic":false}