{"cameraMode":{"drawMode":0,"name":"Shaded","section":"Shading Mode"},"sceneLighting":false,"audioPlay":false,"sceneViewState":{"showFog":true,"showMaterialUpdate":false,"showSkybox":true,"showFlares":true,"showImageEffects":true,"showParticleSystems":true},"in2DMode":false,"pivot":{"x":0.282470703125,"y":2.507537841796875,"z":0.02228546142578125},"rotation":{"x":-0.0066738249734044079,"y":0.8908759355545044,"z":-0.4540088474750519,"w":-0.013096694834530354},"size":11.106006622314454,"orthographic":false}