{"cameraMode":{"drawMode":0,"name":"Shaded","section":"Shading Mode"},"sceneLighting":false,"audioPlay":false,"sceneViewState":{"showFog":true,"showMaterialUpdate":false,"showSkybox":true,"showFlares":true,"showImageEffects":true,"showParticleSystems":true},"in2DMode":false,"pivot":{"x":-0.15625,"y":1.773712158203125,"z":-0.12206268310546875},"rotation":{"x":-0.0066738249734044079,"y":0.8908759355545044,"z":-0.4540088474750519,"w":-0.013096694834530354},"size":13.644111633300782,"orthographic":false}