{"cameraMode":{"drawMode":0,"name":"Shaded","section":"Shading Mode"},"sceneLighting":false,"audioPlay":false,"sceneViewState":{"showFog":true,"showMaterialUpdate":false,"showSkybox":true,"showFlares":true,"showImageEffects":true,"showParticleSystems":true},"in2DMode":false,"pivot":{"x":0.008597925305366516,"y":1.1462054252624512,"z":-0.20019710063934327},"rotation":{"x":-0.003502695122733712,"y":-0.9762446284294128,"z":0.21606433391571046,"w":-0.0158244576305151},"size":1.4677488803863526,"orthographic":false}