{"cameraMode":{"drawMode":0,"name":"Shaded","section":"Shading Mode"},"sceneLighting":false,"audioPlay":false,"sceneViewState":{"showFog":true,"showMaterialUpdate":false,"showSkybox":true,"showFlares":true,"showImageEffects":true,"showParticleSystems":true},"in2DMode":false,"pivot":{"x":0.0,"y":0.9019508361816406,"z":-0.08772353827953339},"rotation":{"x":-0.008418363519012928,"y":0.982196569442749,"z":-0.1820913553237915,"w":-0.04540777951478958},"size":1.618901252746582,"orthographic":false}