{"cameraMode":{"drawMode":0,"name":"Shaded","section":"Shading Mode"},"sceneLighting":false,"audioPlay":false,"sceneViewState":{"showFog":true,"showMaterialUpdate":false,"showSkybox":true,"showFlares":true,"showImageEffects":true,"showParticleSystems":true},"in2DMode":false,"pivot":{"x":0.0027000680565834047,"y":1.0345005989074708,"z":-0.14836907386779786},"rotation":{"x":-0.003502695122733712,"y":-0.9762446284294128,"z":0.21606433391571046,"w":-0.0158244576305151},"size":2.367748737335205,"orthographic":false}