{"cameraMode":{"drawMode":0,"name":"Shaded","section":"Shading Mode"},"sceneLighting":false,"audioPlay":false,"sceneViewState":{"showFog":true,"showMaterialUpdate":false,"showSkybox":true,"showFlares":true,"showImageEffects":true,"showParticleSystems":true},"in2DMode":false,"pivot":{"x":-0.12573865056037904,"y":0.15153741836547852,"z":-2.4982614517211916},"rotation":{"x":-0.008418363519012928,"y":0.982196569442749,"z":-0.1820913553237915,"w":-0.04540777951478958},"size":5.11528205871582,"orthographic":false}