{"cameraMode":{"drawMode":0,"name":"Shaded","section":"Shading Mode"},"sceneLighting":false,"audioPlay":false,"sceneViewState":{"showFog":true,"showMaterialUpdate":false,"showSkybox":true,"showFlares":true,"showImageEffects":true,"showParticleSystems":true},"in2DMode":false,"pivot":{"x":0.078857421875,"y":2.1052398681640627,"z":0.25608062744140627},"rotation":{"x":-0.0066738249734044079,"y":0.8908759355545044,"z":-0.4540088474750519,"w":-0.013096694834530354},"size":8.245800971984864,"orthographic":false}