{"cameraMode":{"drawMode":0,"name":"Shaded","section":"Shading Mode"},"sceneLighting":false,"audioPlay":false,"sceneViewState":{"showFog":true,"showMaterialUpdate":false,"showSkybox":true,"showFlares":true,"showImageEffects":true,"showParticleSystems":true},"in2DMode":false,"pivot":{"x":0.01178683340549469,"y":1.2434499263763428,"z":-0.24538040161132813},"rotation":{"x":-0.003502695122733712,"y":-0.9762446284294128,"z":0.21606433391571046,"w":-0.0158244576305151},"size":2.067748785018921,"orthographic":false}