{"cameraMode":{"drawMode":0,"name":"Shaded","section":"Shading Mode"},"sceneLighting":true,"audioPlay":false,"sceneViewState":{"showFog":true,"showMaterialUpdate":false,"showSkybox":true,"showFlares":true,"showImageEffects":true,"showParticleSystems":true},"in2DMode":false,"pivot":{"x":-1.4186878204345704,"y":-0.3365316390991211,"z":-0.3610880374908447},"rotation":{"x":-0.18933328986167909,"y":0.6725171208381653,"z":-0.18417814373970033,"w":-0.6913408041000366},"size":15.433975219726563,"orthographic":false}