{"cameraMode":{"drawMode":0,"name":"Shaded","section":"Shading Mode"},"sceneLighting":false,"audioPlay":false,"sceneViewState":{"showFog":true,"showMaterialUpdate":false,"showSkybox":true,"showFlares":true,"showImageEffects":true,"showParticleSystems":true},"in2DMode":false,"pivot":{"x":0.4860662519931793,"y":0.7440623044967651,"z":0.16780614852905274},"rotation":{"x":0.010150779969990254,"y":0.9653062224388123,"z":-0.2581474483013153,"w":0.03795783221721649},"size":3.2882769107818605,"orthographic":false}