{"cameraMode":{"drawMode":0,"name":"Shaded","section":"Shading Mode"},"sceneLighting":false,"audioPlay":false,"sceneViewState":{"showFog":true,"showMaterialUpdate":false,"showSkybox":true,"showFlares":true,"showImageEffects":true,"showParticleSystems":true},"in2DMode":false,"pivot":{"x":-0.025080237537622453,"y":1.1937342882156373,"z":-0.2183089256286621},"rotation":{"x":-0.003502695122733712,"y":-0.9762446284294128,"z":0.21606433391571046,"w":-0.0158244576305151},"size":1.5034162998199463,"orthographic":false}