{"cameraMode":{"drawMode":0,"name":"Shaded","section":"Shading Mode"},"sceneLighting":false,"audioPlay":false,"sceneViewState":{"showFog":true,"showMaterialUpdate":false,"showSkybox":true,"showFlares":true,"showImageEffects":true,"showParticleSystems":true},"in2DMode":false,"pivot":{"x":0.0,"y":0.8463600873947144,"z":-0.06515046954154968},"rotation":{"x":-0.003502695122733712,"y":-0.9762446284294128,"z":0.21606433391571046,"w":-0.0158244576305151},"size":4.747591018676758,"orthographic":false}