{"cameraMode":{"drawMode":0,"name":"Shaded","section":"Shading Mode"},"sceneLighting":true,"audioPlay":false,"sceneViewState":{"showFog":true,"showMaterialUpdate":false,"showSkybox":true,"showFlares":true,"showImageEffects":true,"showParticleSystems":true},"in2DMode":false,"pivot":{"x":-0.4668574333190918,"y":-6.933999061584473,"z":1.0127758979797364},"rotation":{"x":0.43393784761428835,"y":-0.5548356771469116,"z":0.4216228723526001,"w":0.571042537689209},"size":16.732511520385743,"orthographic":false}