{"cameraMode":{"drawMode":0,"name":"Shaded","section":"Shading Mode"},"sceneLighting":true,"audioPlay":false,"sceneViewState":{"showFog":true,"showMaterialUpdate":false,"showSkybox":true,"showFlares":true,"showImageEffects":true,"showParticleSystems":true},"in2DMode":false,"pivot":{"x":-1.3317153453826905,"y":-6.578052520751953,"z":-5.263983726501465},"rotation":{"x":-0.002822690876200795,"y":-0.9201349020004273,"z":0.391535222530365,"w":-0.006632416974753141},"size":34.96654510498047,"orthographic":false}